{
	"appId": "com.milestonemoments.tree",
	"appName": "Milestone Moments",
	"webDir": "dist/public",
	"server": {
		"androidScheme": "https",
		"url": "https://5c774b51-043d-495e-9762-18aa5bea6348-00-1b4s6jrb3dvri.kirk.replit.dev",
		"cleartext": true,
		"hostname": "5c774b51-043d-495e-9762-18aa5bea6348-00-1b4s6jrb3dvri.kirk.replit.dev",
		"iosScheme": "https"
	},
	"plugins": {
		"SplashScreen": {
			"launchShowDuration": 2000,
			"launchAutoHide": true,
			"backgroundColor": "#4ade80",
			"showSpinner": false,
			"splashFullScreen": true,
			"splashImmersive": true
		},
		"StatusBar": {
			"style": "LIGHT",
			"backgroundColor": "#4ade80"
		},
		"Camera": {
			"permissions": [
				"camera",
				"photos"
			]
		},
		"App": {}
	},
	"ios": {
		"contentInset": "automatic",
		"backgroundColor": "#4ade80"
	},
	"packageClassList": [
		"AppPlugin",
		"CAPCameraPlugin",
		"FilesystemPlugin",
		"HapticsPlugin",
		"KeyboardPlugin",
		"PreferencesPlugin",
		"SplashScreenPlugin",
		"StatusBarPlugin"
	]
}
